"Reservoir","Site","DateTime","Depth_m","Temp_C","DO_mgL","DOSat","Cond_uScm","Sp_cond_uScm","PAR_umolm2s","ORP_mV","pH","Flag_DateTime","Flag_Temp","Flag_DO","Flag_DOSat","Flag_Cond","Flag_Sp_Cond","Flag_PAR","Flag_ORP","Flag_pH"
"BVR",50,2022-01-26 13:40:00,0.1,"2.8",12.45,91.6,"NA","NA","NA",NA,"NA",NA,0,0,0,1,1,1,1,1
"BVR",50,2022-01-26 13:42:00,1,"2.7",12.55,92.1,"NA","NA","NA",NA,"NA",NA,0,0,0,1,1,1,1,1
"BVR",50,2022-01-26 13:44:00,2,"2.7",12.52,91.5,"NA","NA","NA",NA,"NA",NA,0,0,0,1,1,1,1,1
"BVR",50,2022-01-26 13:46:00,3,"2.7",12.53,91.6,"NA","NA","NA",NA,"NA",NA,0,0,0,1,1,1,1,1
"BVR",50,2022-01-26 13:48:00,4,"2.7",12.48,91.3,"NA","NA","NA",NA,"NA",NA,0,0,0,1,1,1,1,1
"BVR",50,2022-01-26 13:50:00,5,"2.7",12.41,91.4,"NA","NA","NA",NA,"NA",NA,0,0,0,1,1,1,1,1
"BVR",50,2022-01-26 13:52:00,6,"2.7",12.48,90.9,"NA","NA","NA",NA,"NA",NA,0,0,0,1,1,1,1,1
"BVR",50,2022-01-26 13:54:00,7,"2.7",12.33,91.2,"NA","NA","NA",NA,"NA",NA,0,0,0,1,1,1,1,1
"BVR",50,2022-01-26 13:56:00,8,"2.7",12.38,91,"NA","NA","NA",NA,"NA",NA,0,0,0,1,1,1,1,1
"BVR",50,2022-01-26 13:58:00,9,"2.7",12.32,90.6,"NA","NA","NA",NA,"NA",NA,0,0,0,1,1,1,1,1
"BVR",50,2022-01-26 14:00:00,10,"2.8",12.05,90.2,"NA","NA","NA",NA,"NA",NA,0,0,0,1,1,1,1,1
"BVR",50,2022-02-24 12:42:00,0.1,"6.4",12.41,100.6,"NA","NA","NA",NA,"NA",NA,0,0,0,1,1,1,1,1
"BVR",50,2022-02-24 12:44:00,1,"6.7",12.38,99.7,"NA","NA","NA",NA,"NA",NA,0,0,0,1,1,1,1,1
"BVR",50,2022-02-24 12:47:00,2,"6.2",12.17,96.8,"NA","NA","NA",NA,"NA",NA,0,0,0,1,1,1,1,1
"BVR",50,2022-02-24 12:48:00,3,"5.8",11.95,94.6,"NA","NA","NA",NA,"NA",NA,0,0,0,1,1,1,1,1
"BVR",50,2022-02-24 12:50:00,4,"5.8",11.92,94,"NA","NA","NA",NA,"NA",NA,0,0,0,1,1,1,1,1
"BVR",50,2022-02-24 12:51:00,5,"5.7",11.8,92.8,"NA","NA","NA",NA,"NA",NA,0,0,0,1,1,1,1,1
"BVR",50,2022-02-24 12:52:00,6,"5.5",11.72,91.8,"NA","NA","NA",NA,"NA",NA,0,0,0,1,1,1,1,1
"BVR",50,2022-02-24 12:54:00,7,"6.4",11.64,91,"NA","NA","NA",NA,"NA",NA,0,0,0,1,1,1,1,1
"BVR",50,2022-02-24 12:55:00,8,"5.1",11.58,89.4,"NA","NA","NA",NA,"NA",NA,0,0,0,1,1,1,1,1
"BVR",50,2022-02-24 12:56:00,9,"5",11.48,88.5,"NA","NA","NA",NA,"NA",NA,0,0,0,1,1,1,1,1
"BVR",50,2022-03-22 11:51:00,0.1,"12.1",11.58,106.9,"NA","NA","NA",NA,"NA",NA,0,0,0,1,1,1,1,1
"BVR",50,2022-03-22 11:53:00,1,"11.1",11.63,105.5,"NA","NA","NA",NA,"NA",NA,0,0,0,1,1,1,1,1
"BVR",50,2022-03-22 11:54:00,2,"10.3",11.57,102.7,"NA","NA","NA",NA,"NA",NA,0,0,0,1,1,1,1,1
"BVR",50,2022-03-22 11:55:00,3,"9.8",11.43,100.4,"NA","NA","NA",NA,"NA",NA,0,0,0,1,1,1,1,1
"BVR",50,2022-03-22 11:56:00,4,"9.2",11.2,96.9,"NA","NA","NA",NA,"NA",NA,0,0,0,1,1,1,1,1
"BVR",50,2022-03-22 11:57:00,5,"8.7",10.89,93.5,"NA","NA","NA",NA,"NA",NA,0,0,0,1,1,1,1,1
"BVR",50,2022-03-22 11:58:00,6,"8.4",10.46,89,"NA","NA","NA",NA,"NA",NA,0,0,0,1,1,1,1,1
"BVR",50,2022-03-22 11:59:00,7,"7.9",10.16,85.6,"NA","NA","NA",NA,"NA",NA,0,0,0,1,1,1,1,1
"BVR",50,2022-03-22 12:00:00,8,"7.4",9.55,79.2,"NA","NA","NA",NA,"NA",NA,0,0,0,1,1,1,1,1
"BVR",50,2022-03-22 12:01:00,9,"7.2",9.33,76.8,"NA","NA","NA",NA,"NA",NA,0,0,0,1,1,1,1,1
"BVR",50,2022-03-22 12:02:00,10,"7.2",8.46,69.4,"NA","NA","NA",NA,"NA",NA,0,0,0,1,1,1,1,1
"BVR",50,2022-05-02 10:18:00,3,"15.6",10.55,106,"NA","NA","NA",NA,"NA",NA,0,0,0,1,1,1,1,1
"BVR",50,2022-05-02 11:12:00,0.1,"16.4",10.47,106.6,"NA","NA","NA",NA,"NA",NA,0,0,0,1,1,1,1,1
"BVR",50,2022-05-02 11:16:00,1,"15.9",10.51,106.5,"NA","NA","NA",NA,"NA",NA,0,0,0,1,1,1,1,1
"BVR",50,2022-05-02 11:17:00,2,"15.7",10.65,10.6,"NA","NA","NA",NA,"NA",NA,0,0,0,1,1,1,1,1
"BVR",50,2022-05-02 11:20:00,4,"15.3",10.52,105.1,"NA","NA","NA",NA,"NA",NA,0,0,0,1,1,1,1,1
"BVR",50,2022-05-02 11:21:00,5,"12.5",8.82,81.4,"NA","NA","NA",NA,"NA",NA,0,0,0,1,1,1,1,1
"BVR",50,2022-05-02 11:23:00,6,"11.3",6.73,59.1,"NA","NA","NA",NA,"NA",NA,0,0,0,1,1,1,1,1
"BVR",50,2022-05-02 11:24:00,7,"10.3",3.17,27.1,"NA","NA","NA",NA,"NA",NA,0,0,0,1,1,1,1,1
"BVR",50,2022-05-02 11:25:00,8,"9.7",0.78,6.5,"NA","NA","NA",NA,"NA",NA,0,0,0,1,1,1,1,1
"BVR",50,2022-05-02 11:26:00,9,"9.5",0.56,4.7,"NA","NA","NA",NA,"NA",NA,0,0,0,1,1,1,1,1
"BVR",50,2022-07-11 11:24:00,0.1,"26",4.66,57.6,"NA","NA","NA",NA,"NA",NA,0,0,0,1,1,1,1,1
"BVR",50,2022-07-11 11:26:00,1,"23.9",4.31,51.2,"NA","NA","NA",NA,"NA",NA,0,0,0,1,1,1,1,1
"BVR",50,2022-07-11 11:38:00,2,"22.8",2.45,27.7,"NA","NA","NA",NA,"NA",NA,0,0,0,1,1,1,1,1
"BVR",50,2022-07-11 11:39:00,2.1,"22.7",1.59,17.8,"NA","NA","NA",NA,"NA",NA,0,0,0,1,1,1,1,1
"BVR",50,2022-07-11 11:40:00,3,"18.7",0.35,3.7,"NA","NA","NA",NA,"NA",NA,0,0,0,1,1,1,1,1
"BVR",50,2022-07-11 11:41:00,4,"14.5",0.28,2.8,"NA","NA","NA",NA,"NA",NA,0,0,0,1,1,1,1,1
"BVR",50,2022-07-11 11:41:00,5,"12.3",0.29,2.6,"NA","NA","NA",NA,"NA",NA,0,0,0,1,1,1,1,1
"BVR",50,2022-07-11 11:42:00,6,"11",0.29,2.6,"NA","NA","NA",NA,"NA",NA,0,0,0,1,1,1,1,1
"BVR",50,2022-07-11 11:43:00,7,"10.3",0.29,2.6,"NA","NA","NA",NA,"NA",NA,0,0,0,1,1,1,1,1
"BVR",50,2022-07-11 11:43:00,8,"10",0.29,2.6,"NA","NA","NA",NA,"NA",NA,0,0,0,1,1,1,1,1
"BVR",50,2022-07-11 11:44:00,9,"9.9",0.29,2.6,"NA","NA","NA",NA,"NA",NA,0,0,0,1,1,1,1,1
"BVR",50,2022-09-19 10:34:00,0.1,"22.8",10.52,122.6,"NA","NA","NA",NA,"NA",NA,0,0,0,1,1,1,1,1
"BVR",50,2022-09-19 10:35:00,1,"22.8",10.53,122.3,"NA","NA","NA",NA,"NA",NA,0,0,0,1,1,1,1,1
"BVR",50,2022-09-19 10:36:00,2,"22.8",10.58,122.5,"NA","NA","NA",NA,"NA",NA,0,0,0,1,1,1,1,1
"BVR",50,2022-09-19 10:37:00,3,"21.9",3.56,40.2,"NA","NA","NA",NA,"NA",NA,0,0,0,1,1,1,1,1
"BVR",50,2022-09-19 10:40:00,3.3,"20.6",1.25,13.9,"NA","NA","NA",NA,"NA",NA,0,0,0,1,1,1,1,1
"BVR",50,2022-09-19 10:42:00,3.1,"21",3.04,34.1,"NA","NA","NA",NA,"NA",NA,0,0,0,1,1,1,1,1
"BVR",50,2022-09-19 10:46:00,3.2,"20.9",2.3,26,"NA","NA","NA",NA,"NA",NA,0,0,0,1,1,1,1,1
"BVR",50,2022-09-19 10:48:00,4,"18.8",0.44,4.7,"NA","NA","NA",NA,"NA",NA,0,0,0,1,1,1,1,1
"BVR",50,2022-09-19 10:49:00,5,"14",0.36,3.5,"NA","NA","NA",NA,"NA",NA,0,0,0,1,1,1,1,1
"BVR",50,2022-09-19 10:49:00,6,"11.5",0.38,3.5,"NA","NA","NA",NA,"NA",NA,0,0,0,1,1,1,1,1
"BVR",50,2022-09-19 10:51:00,7,"11",0.36,3.1,"NA","NA","NA",NA,"NA",NA,0,0,0,1,1,1,1,1
"BVR",50,2022-09-19 10:52:00,8,"10.3",0.34,3,"NA","NA","NA",NA,"NA",NA,0,0,0,1,1,1,1,1
"BVR",50,2022-09-26 10:08:00,0.1,"NA",NA,NA,"NA",NA,"NA",NA,"NA",NA,1,1,1,1,NA,1,1,1
"BVR",50,2022-09-26 10:08:00,0.5,"NA",NA,NA,"NA",NA,"NA",NA,"NA",NA,1,1,1,1,NA,1,1,1
"BVR",50,2022-09-26 10:08:00,1,"NA",NA,NA,"NA",NA,"NA",NA,"NA",NA,1,1,1,1,NA,1,1,1
"BVR",50,2022-09-26 10:08:00,1.5,"NA",NA,NA,"NA",NA,"NA",NA,"NA",NA,1,1,1,1,NA,1,1,1
"BVR",50,2022-09-26 10:08:00,2,"NA",NA,NA,"NA",NA,"NA",NA,"NA",NA,1,1,1,1,NA,1,1,1
"BVR",50,2022-10-24 11:36:00,0.1,"13.5",8.98,85.9,"NA","NA","NA",NA,"NA",NA,0,0,0,1,1,1,1,1
"BVR",50,2022-10-24 11:38:00,1,"13",9.02,85.3,"NA","NA","NA",NA,"NA",NA,0,0,0,1,1,1,1,1
"BVR",50,2022-10-24 11:38:00,2,"12.4",8.81,82.2,"NA","NA","NA",NA,"NA",NA,0,0,0,1,1,1,1,1
"BVR",50,2022-10-24 11:40:00,3,"12.1",8.68,79.9,"NA","NA","NA",NA,"NA",NA,0,0,0,1,1,1,1,1
"BVR",50,2022-10-24 11:41:00,4,"11.8",8.06,74.5,"NA","NA","NA",NA,"NA",NA,0,0,0,1,1,1,1,1
"BVR",50,2022-10-24 11:41:00,5,"11.5",6.87,61.6,"NA","NA","NA",NA,"NA",NA,0,0,0,1,1,1,1,1
"BVR",50,2022-10-24 11:42:00,6,"11.3",6.02,54.7,"NA","NA","NA",NA,"NA",NA,0,0,0,1,1,1,1,1
"BVR",50,2022-10-24 11:43:00,7,"11.2",5.54,50.3,"NA","NA","NA",NA,"NA",NA,0,0,0,1,1,1,1,1
"BVR",50,2022-10-24 11:43:00,7.5,"11.1",5.15,46.9,"NA","NA","NA",NA,"NA",NA,0,0,0,1,1,1,1,1
"CCR",50,2022-02-28 10:45:00,0.1,"6.3",13.1,102.5,"NA","NA","NA",NA,"NA",NA,0,0,0,1,1,1,1,1
"CCR",50,2022-02-28 10:46:00,1,"6.1",13.1,102.8,"NA","NA","NA",NA,"NA",NA,0,0,0,1,1,1,1,1
"CCR",50,2022-02-28 10:48:00,2,"6",13.2,102.6,"NA","NA","NA",NA,"NA",NA,0,0,0,1,1,1,1,1
"CCR",50,2022-02-28 10:49:00,3,"5.9",13.1,102.6,"NA","NA","NA",NA,"NA",NA,0,0,0,1,1,1,1,1
"CCR",50,2022-02-28 10:50:00,4,"5.8",13.2,102,"NA","NA","NA",NA,"NA",NA,0,0,0,1,1,1,1,1
"CCR",50,2022-02-28 10:53:00,5,"5.8",13.2,102.8,"NA","NA","NA",NA,"NA",NA,0,0,0,1,1,1,1,1
"CCR",50,2022-02-28 10:54:00,6,"5.8",13.1,101.5,"NA","NA","NA",NA,"NA",NA,0,0,0,1,1,1,1,1
"CCR",50,2022-02-28 10:55:00,7,"5.8",13.1,101.3,"NA","NA","NA",NA,"NA",NA,0,0,0,1,1,1,1,1
"CCR",50,2022-02-28 10:56:00,8,"5.8",13.1,101.5,"NA","NA","NA",NA,"NA",NA,0,0,0,1,1,1,1,1
"CCR",50,2022-02-28 10:58:00,9,"5.8",13,100.9,"NA","NA","NA",NA,"NA",NA,0,0,0,1,1,1,1,1
"CCR",50,2022-02-28 11:00:00,10,"5.8",13,101.3,"NA","NA","NA",NA,"NA",NA,0,0,0,1,1,1,1,1
"CCR",50,2022-02-28 11:01:00,11,"5.8",12.9,101.1,"NA","NA","NA",NA,"NA",NA,0,0,0,1,1,1,1,1
"CCR",50,2022-02-28 11:03:00,15,"5.6",12.9,100.2,"NA","NA","NA",NA,"NA",NA,0,0,0,1,1,1,1,1
"CCR",50,2022-02-28 11:05:00,19,"5.4",12.6,97,"NA","NA","NA",NA,"NA",NA,0,0,0,1,1,1,1,1
"CCR",100,2022-02-28 12:00:00,0.1,"6.8",12.5,99.5,"NA","24.9","NA",NA,"NA",NA,0,0,0,1,0,1,1,1
"CCR",301,2022-02-28 12:00:00,0.1,"8.9",11.8,100.2,"NA","16.1","NA",NA,"NA",1,0,0,0,1,0,1,1,1
"CCR",400,2022-02-28 13:45:00,0.1,"9.9",11.57,99.4,"NA","329.8","NA",NA,"NA",NA,0,0,0,1,0,1,1,1
"CCR",301,2022-02-28 14:45:00,0.1,"8.9",11.88,100.2,"NA","23.68","NA",NA,"NA",NA,0,0,0,1,0,1,1,1
"CCR",500,2022-02-28 16:00:00,0.1,"9.2",11.6,98.7,"NA","139.7","NA",NA,"NA",NA,0,0,0,1,0,1,1,1
"CCR",50,2022-04-20 10:31:00,0.1,"13.4",11.04,102.3,"NA","NA","NA",NA,"NA",NA,0,0,0,1,1,1,1,1
"CCR",50,2022-04-20 10:32:00,1,"13.1",11.07,102,"NA","NA","NA",NA,"NA",NA,0,0,0,1,1,1,1,1
"CCR",50,2022-04-20 10:33:00,2,"13.1",11.12,102.2,"NA","NA","NA",NA,"NA",NA,0,0,0,1,1,1,1,1
"CCR",50,2022-04-20 10:34:00,3,"13.1",11.07,101.9,"NA","NA","NA",NA,"NA",NA,0,0,0,1,1,1,1,1
"CCR",50,2022-04-20 10:35:00,4,"13",11.06,101.3,"NA","NA","NA",NA,"NA",NA,0,0,0,1,1,1,1,1
"CCR",50,2022-04-20 10:36:00,5,"13",11.15,102,"NA","NA","NA",NA,"NA",NA,0,0,0,1,1,1,1,1
"CCR",50,2022-04-20 10:37:00,6,"13",11.02,101,"NA","NA","NA",NA,"NA",NA,0,0,0,1,1,1,1,1
"CCR",50,2022-04-20 10:38:00,7,"12.8",10.92,100.4,"NA","NA","NA",NA,"NA",NA,0,0,0,1,1,1,1,1
"CCR",50,2022-04-20 10:39:00,8,"10.7",10.75,93.3,"NA","NA","NA",NA,"NA",NA,0,0,0,1,1,1,1,1
"CCR",50,2022-04-20 10:40:00,9,"10.2",10.64,91.3,"NA","NA","NA",NA,"NA",NA,0,0,0,1,1,1,1,1
"CCR",50,2022-04-20 10:41:00,10,"10",10.63,90.4,"NA","NA","NA",NA,"NA",NA,0,0,0,1,1,1,1,1
"CCR",50,2022-04-20 10:42:00,11,"9.8",10.38,88.3,"NA","NA","NA",NA,"NA",NA,0,0,0,1,1,1,1,1
"CCR",50,2022-04-20 10:43:00,15,"9.4",10.45,88.1,"NA","NA","NA",NA,"NA",NA,0,0,0,1,1,1,1,1
"CCR",50,2022-04-20 10:45:00,19,"9.3",10.41,87.7,"NA","NA","NA",NA,"NA",NA,0,0,0,1,1,1,1,1
"CCR",100,2022-04-20 12:20:00,0.1,"10.2",11.66,99.6,"NA","23.6","NA",NA,"NA",NA,0,0,0,1,0,1,1,1
"CCR",400,2022-06-09 10:12:00,0.1,"23.9",8.11,94.5,"NA","87.4","NA",NA,"NA",NA,0,0,0,1,0,1,1,1
"CCR",301,2022-06-09 11:34:00,0,"18",9.01,94,"NA","22.7","NA",NA,"NA",NA,0,0,0,1,0,1,1,1
"CCR",100,2022-06-09 12:11:00,0.1,"18.7",NA,NA,"NA",NA,"NA",NA,"NA",NA,0,1,1,1,NA,1,1,1
"CCR",500,2022-06-09 12:20:00,0.1,NA,8.96,98.5,"NA","28.81","NA",NA,"NA",NA,2,0,0,1,0,1,1,1
"CCR",201,2022-06-09 12:53:00,0.1,"20.3",8.4,91.5,"NA","86.4","NA",NA,"NA",NA,0,0,0,1,0,1,1,1
"CCR",301,2022-06-30 13:09:00,0.1,"21.5",8.05,89.1,"NA","30.5","NA",NA,"NA",NA,0,0,0,1,0,1,1,1
"CCR",201,2022-06-30 14:05:00,0.1,"22.3",6.73,75,"NA","211.5","NA",NA,"NA",NA,0,0,0,1,0,1,1,1
"CCR",301,2022-07-14 13:30:00,0.1,"20.7",8.04,87.2,"NA","29.3","NA",NA,"NA",NA,0,0,0,1,0,1,1,1
"CCR",201,2022-07-14 14:10:00,0.1,"22.7",8.37,95.5,"NA","108.8","NA",NA,"NA",NA,0,0,0,1,0,1,1,1
"CCR",301,2022-07-28 14:00:00,0.1,"21.1",8.1,90,"NA","NA","NA",NA,"NA",NA,0,0,0,1,1,1,1,1
"CCR",301,2022-08-19 12:39:00,0.1,"19",8.75,91.7,"NA","22.2","NA",NA,"NA",NA,0,0,0,1,0,1,1,1
"CCR",201,2022-08-19 13:32:00,0.1,"20.7",8.71,95.4,"NA","93","NA",NA,"NA",NA,0,0,0,1,0,1,1,1
"CCR",201,2022-09-29 09:45:00,0.1,"15.3",6.52,63.2,"NA","126","NA",NA,"NA",NA,0,0,0,1,0,1,1,1
"CCR",301,2022-09-29 10:34:00,0.1,"12.4",10.07,91.3,"NA","26.3","NA",NA,"NA",NA,0,0,0,1,0,1,1,1
"CCR",400,2022-10-14 12:25:00,0.1,"13.2",10.3,96.6,"NA","540","NA",NA,"NA",NA,0,0,0,1,0,1,1,1
"CCR",201,2022-10-22 10:20:00,0.1,"12.3",9.59,87.5,"NA","108.7","NA",NA,"NA",NA,0,0,0,1,0,1,1,1
"CCR",301,2022-10-22 11:25:00,0.1,"12.2",10.4,94.8,"NA","30.6","NA",NA,"NA",NA,0,0,0,1,0,1,1,1
"CCR",201,2022-11-17 09:30:00,0.1,"8.8",11.57,97.8,"NA","46.9","NA",NA,"NA",NA,0,0,0,1,0,1,1,1
"CCR",501,2022-11-17 10:30:00,0.1,"7",12.87,103.3,"NA","334.1","NA",NA,"NA",NA,0,0,0,1,0,1,1,1
"CCR",301,2022-11-17 11:00:00,0.1,"9.1",12.2,102.7,"NA","15.9","NA",NA,"NA",NA,0,0,0,1,0,1,1,1
"CCR",501,2022-12-12 12:00:00,0.1,"9.2",11.6,98.7,"NA","139.9","NA",NA,"NA",1,0,0,0,1,0,1,1,1
"FCR",100,2022-01-26 11:22:00,0.1,"0.7",13.3,91.6,"NA","NA","NA",NA,"NA",NA,0,0,0,1,1,1,1,1
"FCR",50,2022-01-31 10:24:00,-0.1,"NA",NA,NA,"NA","NA","220.2",NA,"NA",NA,1,1,1,1,1,0,1,1
"FCR",50,2022-01-31 10:25:00,0.1,"4",12.87,97.5,"NA","39.2","NA",NA,"NA",NA,0,0,0,1,0,1,1,1
"FCR",50,2022-01-31 10:26:00,0.5,"NA",NA,NA,"NA","NA","43.5",NA,"NA",NA,1,1,1,1,1,0,1,1
"FCR",50,2022-01-31 10:27:00,1,"4.1",12.75,96.7,"NA","39.7","20.24",NA,"NA",NA,0,0,0,1,0,0,1,1
"FCR",50,2022-01-31 10:27:00,1.5,"NA",NA,NA,"NA","NA","13.82",NA,"NA",NA,1,1,1,1,1,0,1,1
"FCR",50,2022-01-31 10:27:00,2,"4.1",12.65,95.3,"NA","39.7","8.81",NA,"NA",NA,0,0,0,1,0,0,1,1
"FCR",50,2022-01-31 10:28:00,2.5,"NA",NA,NA,"NA","NA","6.05",NA,"NA",NA,1,1,1,1,1,0,1,1
"FCR",50,2022-01-31 10:28:00,3,"4.1",12.15,92.2,"NA","39.8","4.8",NA,"NA",NA,0,0,0,1,0,0,1,1
"FCR",50,2022-01-31 10:29:00,3.5,"NA",NA,NA,"NA","NA","3.17",NA,"NA",NA,1,1,1,1,1,0,1,1
"FCR",50,2022-01-31 10:29:00,4,"4.1",11.55,87.5,"NA","39.8","2.17",NA,"NA",NA,0,0,0,1,0,0,1,1
"FCR",50,2022-01-31 10:30:00,4.5,"NA",NA,NA,"NA","NA","1.6",NA,"NA",NA,1,1,1,1,1,0,1,1
"FCR",50,2022-01-31 10:30:00,5,"4.1",10.87,82.6,"NA","NA","1.18",NA,"NA",NA,0,0,0,1,1,0,1,1
"FCR",50,2022-01-31 10:31:00,6,"4.1",9.39,71.6,"NA","NA","NA",NA,"NA",NA,0,0,0,1,1,1,1,1
"FCR",50,2022-01-31 10:33:00,7,"4.1",7.36,55.8,"NA","NA","NA",NA,"NA",NA,0,0,0,1,1,1,1,1
"FCR",50,2022-01-31 10:34:00,8,"4.3",4.86,36,"NA","NA","NA",NA,"NA",NA,0,0,0,1,1,1,1,1
"FCR",50,2022-01-31 10:35:00,9,"4.4",3.95,30,"NA","NA","NA",NA,"NA",NA,0,0,0,1,1,1,1,1
"FCR",50,2022-01-31 10:36:00,10,"4.6",1.85,14.2,"NA","NA","NA",NA,"NA",NA,0,0,0,1,1,1,1,1
"FCR",50,2022-02-24 10:26:00,0.1,"5.5",12.56,96.6,"NA","NA","NA",NA,"NA",NA,0,0,0,1,1,1,1,1
"FCR",50,2022-02-24 10:27:00,1,"5.4",12.4,97.1,"NA","NA","NA",NA,"NA",NA,0,0,0,1,1,1,1,1
"FCR",50,2022-02-24 10:28:00,2,"5.3",12.32,96.4,"NA","NA","NA",NA,"NA",NA,0,0,0,1,1,1,1,1
"FCR",50,2022-02-24 10:30:00,3,"5.2",12.27,96.3,"NA","NA","NA",NA,"NA",NA,0,0,0,1,1,1,1,1
"FCR",50,2022-02-24 10:31:00,4,"5.1",12.22,95.6,"NA","NA","NA",NA,"NA",NA,0,0,0,1,1,1,1,1
"FCR",50,2022-02-24 10:32:00,5,"5",12.19,95.2,"NA","NA","NA",NA,"NA",NA,0,0,0,1,1,1,1,1
"FCR",50,2022-02-24 10:33:00,6,"5",12.15,94.8,"NA","NA","NA",NA,"NA",NA,0,0,0,1,1,1,1,1
"FCR",50,2022-02-24 10:35:00,7,"5",12.15,94.8,"NA","NA","NA",NA,"NA",NA,0,0,0,1,1,1,1,1
"FCR",50,2022-02-24 10:36:00,8,"5",12.1,94.3,"NA","NA","NA",NA,"NA",NA,0,0,0,1,1,1,1,1
"FCR",50,2022-02-24 10:37:00,9,"4.9",12.07,94,"NA","NA","NA",NA,"NA",NA,0,0,0,1,1,1,1,1
"FCR",50,2022-02-24 10:38:00,10,"4.9",11.98,93.6,"NA","NA","NA",NA,"NA",NA,0,0,0,1,1,1,1,1
"FCR",50,2022-03-17 12:12:00,0.1,"10.7",11.5,103.9,"NA","NA","NA",NA,"NA",NA,0,0,0,1,1,1,1,1
"FCR",50,2022-03-17 12:14:00,1,"10.4",11.69,104.1,"NA","NA","NA",NA,"NA",NA,0,0,0,1,1,1,1,1
"FCR",50,2022-03-17 12:15:00,2,"10.3",11.75,104.4,"NA","NA","NA",NA,"NA",NA,0,0,0,1,1,1,1,1
"FCR",50,2022-03-17 12:16:00,3,"10.2",11.8,105,"NA","NA","NA",NA,"NA",NA,0,0,0,1,1,1,1,1
"FCR",50,2022-03-17 12:17:00,4,"8.3",11.3,95.3,"NA","NA","NA",NA,"NA",NA,0,0,0,1,1,1,1,1
"FCR",50,2022-03-17 12:18:00,5,"7.5",10.52,87.4,"NA","NA","NA",NA,"NA",NA,0,0,0,1,1,1,1,1
"FCR",50,2022-03-17 12:19:00,6,"7.1",9.95,81.4,"NA","NA","NA",NA,"NA",NA,0,0,0,1,1,1,1,1
"FCR",50,2022-03-17 12:20:00,7,"7",9.69,78.9,"NA","NA","NA",NA,"NA",NA,0,0,0,1,1,1,1,1
"FCR",50,2022-03-17 12:21:00,8,"6.9",9.52,78.1,"NA","NA","NA",NA,"NA",NA,0,0,0,1,1,1,1,1
"FCR",50,2022-03-17 12:23:00,9,"6.7",9.02,73.6,"NA","NA","NA",NA,"NA",NA,0,0,0,1,1,1,1,1
"FCR",50,2022-03-17 12:24:00,10,"6.6",7.82,63.1,"NA","NA","NA",NA,"NA",NA,0,0,0,1,1,1,1,1
"FCR",50,2022-03-29 11:34:00,0.1,"8.3",11.6,97.9,"NA","NA","NA",NA,"NA",NA,0,0,0,1,1,1,1,1
"FCR",50,2022-03-29 11:36:00,1,"8.9",11.33,96.8,"NA","NA","NA",NA,"NA",NA,0,0,0,1,1,1,1,1
"FCR",50,2022-03-29 11:38:00,2,"8.9",11.26,96,"NA","NA","NA",NA,"NA",NA,0,0,0,1,1,1,1,1
"FCR",50,2022-03-29 11:39:00,3,"8.8",11.12,95.1,"NA","NA","NA",NA,"NA",NA,0,0,0,1,1,1,1,1
"FCR",50,2022-03-29 11:40:00,4,"8.5",10.02,84.1,"NA","NA","NA",NA,"NA",NA,0,0,0,1,1,1,1,1
"FCR",50,2022-03-29 11:41:00,5,"8.3",9.25,76.1,"NA","NA","NA",NA,"NA",NA,0,0,0,1,1,1,1,1
"FCR",50,2022-03-29 11:43:00,6,"7.8",8.4,68.9,"NA","NA","NA",NA,"NA",NA,0,0,0,1,1,1,1,1
"FCR",50,2022-03-29 11:44:00,7,"7.5",8.09,66.6,"NA","NA","NA",NA,"NA",NA,0,0,0,1,1,1,1,1
"FCR",50,2022-03-29 11:45:00,8,"7.3",7.83,65.7,"NA","NA","NA",NA,"NA",NA,0,0,0,1,1,1,1,1
"FCR",50,2022-03-29 11:47:00,9,"7.2",7.28,60.4,"NA","NA","NA",NA,"NA",NA,0,0,0,1,1,1,1,1
"FCR",50,2022-03-29 11:48:00,10,"7.2",7.18,59.1,"NA","NA","NA",NA,"NA",NA,0,0,0,1,1,1,1,1
"FCR",200,2022-03-29 15:10:00,0.1,"10.3",11.21,98.9,"NA","NA","NA",NA,"NA",NA,0,0,0,1,1,1,1,1
"FCR",100,2022-03-29 15:38:00,0.1,"7",11.15,91.2,"NA","NA","NA",NA,"NA",NA,0,0,0,1,1,1,1,1
"FCR",50,2022-04-19 11:45:00,0.1,"12.6",11.57,105.6,"NA","NA","NA",NA,"NA",NA,0,0,0,1,1,1,1,1
"FCR",50,2022-04-19 11:47:00,1,"12.8",10.96,103.5,"NA","NA","NA",NA,"NA",NA,0,0,0,1,1,1,1,1
"FCR",50,2022-04-19 11:49:00,2,"13.1",10.81,102.2,"NA","NA","NA",NA,"NA",NA,0,0,0,1,1,1,1,1
"FCR",50,2022-04-19 11:51:00,3,"12.7",10.41,100.5,"NA","NA","NA",NA,"NA",NA,0,0,0,1,1,1,1,1
"FCR",50,2022-04-19 11:53:00,4,"10.4",9.73,84.2,"NA","NA","NA",NA,"NA",NA,0,0,0,1,1,1,1,1
"FCR",50,2022-04-19 11:55:00,5,"9.4",7.27,61,"NA","NA","NA",NA,"NA",NA,0,0,0,1,1,1,1,1
"FCR",50,2022-04-19 11:57:00,6,"8.6",6.26,53,"NA","NA","NA",NA,"NA",NA,0,0,0,1,1,1,1,1
"FCR",50,2022-04-19 11:58:00,7,"8.3",5.65,47.3,"NA","NA","NA",NA,"NA",NA,0,0,0,1,1,1,1,1
"FCR",50,2022-04-19 11:58:00,8,"8.2",5.41,46.6,"NA","NA","NA",NA,"NA",NA,0,0,0,1,1,1,1,1
"FCR",50,2022-04-19 11:59:00,9,"8.1",5.21,44.5,"NA","NA","NA",NA,"NA",NA,0,0,0,1,1,1,1,1
"FCR",50,2022-04-19 12:00:00,10,"8",5.07,42.4,"NA","NA","NA",NA,"NA",NA,0,0,0,1,1,1,1,1
"FCR",200,2022-04-19 12:41:00,0.1,"9.5",11.3,105.8,"NA","NA","NA",NA,"NA",NA,0,0,0,1,1,1,1,1
"FCR",100,2022-04-19 13:36:00,0.1,"13.6",10.77,104.3,"NA","NA","NA",NA,"NA",NA,0,0,0,1,1,1,1,1
"FCR",200,2022-05-02 16:22:00,0.1,"17.2",9.1,94.1,"NA","NA","NA",NA,"NA",NA,0,0,0,1,1,1,1,1
"FCR",100,2022-05-02 16:55:00,0.1,"22.3",8.51,97.5,"NA","NA","NA",NA,"NA",NA,0,0,0,1,1,1,1,1
"FCR",100,2022-05-02 17:02:00,0.1,"22.3",8.08,92.7,"NA","NA","NA",NA,"NA",NA,0,0,0,1,1,1,1,1
"FCR",200,2022-05-09 09:45:00,0.1,"10.1",10.78,94.7,"NA","NA","NA",NA,"NA",NA,0,0,0,1,1,1,1,1
"FCR",100,2022-05-09 10:45:00,0.1,"12",10.31,94.5,"NA","NA","NA",NA,"NA",NA,0,0,0,1,1,1,1,1
"FCR",50,2022-05-23 09:52:00,0.1,"22.9",10.2,118.1,"NA","NA","NA",NA,"NA",NA,0,0,0,1,1,1,1,1
"FCR",50,2022-05-23 09:53:00,1,"23.3",11.99,138.4,"NA","NA","NA",NA,"NA",NA,0,0,0,1,1,1,1,1
"FCR",50,2022-05-23 09:55:00,1.6,"21.1",14.8,164.9,"NA","NA","NA",NA,"NA",NA,0,0,0,1,1,1,1,1
"FCR",50,2022-05-23 09:56:00,2,"20",14.02,150.2,"NA","NA","NA",NA,"NA",NA,0,0,0,1,1,1,1,1
"FCR",50,2022-05-23 09:57:00,3,"17",11.07,111.6,"NA","NA","NA",NA,"NA",NA,0,0,0,1,1,1,1,1
"FCR",50,2022-05-23 09:58:00,4,"14.3",10.5,100.2,"NA","NA","NA",NA,"NA",NA,0,0,0,1,1,1,1,1
"FCR",50,2022-05-23 09:59:00,5,"11.5",5.02,27.8,"NA","NA","NA",NA,"NA",NA,0,0,0,1,1,1,1,1
"FCR",50,2022-05-23 10:01:00,6,"9.3",1.58,13.6,"NA","NA","NA",NA,"NA",NA,0,0,0,1,1,1,1,1
"FCR",50,2022-05-23 10:03:00,7,"9.1",1.46,12.6,"NA","NA","NA",NA,"NA",NA,0,0,0,1,1,1,1,1
"FCR",50,2022-05-23 10:04:00,8,"9",1.38,11.9,"NA","NA","NA",NA,"NA",NA,0,0,0,1,1,1,1,1
"FCR",50,2022-05-23 10:05:00,9,"9",1.33,11.6,"NA","NA","NA",NA,"NA",NA,0,0,0,1,1,1,1,1
"FCR",100,2022-05-23 15:15:00,0.1,"16.6",9.02,91.7,"NA","NA","NA",NA,"NA",NA,0,0,0,1,1,1,1,1
"FCR",200,2022-05-23 15:35:00,0.1,"18.3",7.93,83.5,"NA","NA","NA",NA,"NA",NA,0,0,0,1,1,1,1,1
"FCR",100,2022-05-31 12:10:00,0.1,"17.5",8.99,93.3,"NA","NA","NA",NA,"NA",NA,0,0,0,1,1,1,1,1
"FCR",200,2022-05-31 12:33:00,0.1,"21",8.84,97.7,"NA","NA","NA",NA,"NA",NA,0,0,0,1,1,1,1,1
"FCR",50,2022-06-07 13:32:00,0.1,"21.6",12.94,144.6,"NA","NA","NA",NA,"NA",NA,0,0,0,1,1,1,1,1
"FCR",50,2022-06-07 13:33:00,1,"20.4",15.37,168.6,"NA","NA","NA",NA,"NA",NA,0,0,0,1,1,1,1,1
"FCR",50,2022-06-07 13:34:00,2,"19.4",17.39,188.3,"NA","NA","NA",NA,"NA",NA,0,0,0,1,1,1,1,1
"FCR",50,2022-06-07 13:38:00,3,"16",5.27,53.4,"NA","NA","NA",NA,"NA",NA,0,0,0,1,1,1,1,1
"FCR",50,2022-06-07 13:39:00,4,"13.3",4.01,38.5,"NA","NA","NA",NA,"NA",NA,0,0,0,1,1,1,1,1
"FCR",50,2022-06-07 13:43:00,5,"10.3",2.37,20.9,"NA","NA","NA",NA,"NA",NA,0,0,0,1,1,1,1,1
"FCR",50,2022-06-07 13:46:00,6,"9.8",2.47,21.7,"NA","NA","NA",NA,"NA",NA,0,0,0,1,1,1,1,1
"FCR",50,2022-06-07 13:47:00,7,"9.7",2.46,21.4,"NA","NA","NA",NA,"NA",NA,0,0,0,1,1,1,1,1
"FCR",50,2022-06-07 13:48:00,8,"9.7",2.45,21.5,"NA","NA","NA",NA,"NA",NA,0,0,0,1,1,1,1,1
"FCR",50,2022-06-07 13:50:00,9,"9.7",2.44,21.5,"NA","NA","NA",NA,"NA",NA,0,0,0,1,1,1,1,1
"FCR",100,2022-06-13 10:49:00,0.1,"19.6",9.1,97.6,"NA","NA","NA",NA,"NA",NA,0,0,0,1,1,1,1,1
"FCR",200,2022-06-13 11:15:00,0.1,"17.2",9.08,93.1,"NA","NA","NA",NA,"NA",NA,0,0,0,1,1,1,1,1
"FCR",50,2022-06-13 11:18:00,0.1,"22.6",12.33,148,"NA","NA","NA",NA,"NA",NA,0,0,0,1,1,1,1,1
"FCR",50,2022-06-13 11:19:00,1,"23.8",15.33,177.6,"NA","NA","NA",NA,"NA",NA,0,0,0,1,1,1,1,1
"FCR",50,2022-06-13 11:20:00,1.6,"22.1",14.3,159,"NA","NA","NA",NA,"NA",NA,0,0,0,1,1,1,1,1
"FCR",50,2022-06-13 11:21:00,2,"19.7",13,140.1,"NA","NA","NA",NA,"NA",NA,0,0,0,1,1,1,1,1
"FCR",50,2022-06-13 11:22:00,3,"17.3",6.22,66,"NA","NA","NA",NA,"NA",NA,0,0,0,1,1,1,1,1
"FCR",50,2022-06-13 11:23:00,4,"13.4",1.3,12.4,"NA","NA","NA",NA,"NA",NA,0,0,0,1,1,1,1,1
"FCR",50,2022-06-13 11:24:00,5,"11.1",1.38,11.5,"NA","NA","NA",NA,"NA",NA,0,0,0,1,1,1,1,1
"FCR",50,2022-06-13 11:26:00,6,"10.3",2.38,20.5,"NA","NA","NA",NA,"NA",NA,0,0,0,1,1,1,1,1
"FCR",50,2022-06-13 11:26:00,7,"10.1",2.41,21.3,"NA","NA","NA",NA,"NA",NA,0,0,0,1,1,1,1,1
"FCR",50,2022-06-13 11:27:00,8,"10",2.4,21,"NA","NA","NA",NA,"NA",NA,0,0,0,1,1,1,1,1
"FCR",50,2022-06-13 11:28:00,9,"10",2.38,20.9,"NA","NA","NA",NA,"NA",NA,0,0,0,1,1,1,1,1
"FCR",100,2022-06-20 10:49:00,0.1,"19.6",9.1,97.6,"NA","NA","NA",NA,"NA",NA,0,0,0,1,1,1,1,1
"FCR",200,2022-06-20 11:15:00,0.1,"17.2",9.08,93.1,"NA","NA","NA",NA,"NA",NA,0,0,0,1,1,1,1,1
"FCR",50,2022-06-20 14:25:00,0.1,"23.3",12.6,100.2,"NA","NA","NA",NA,"NA",NA,0,0,0,1,1,1,1,1
"FCR",50,2022-06-20 14:26:00,0.5,"23.1",8.6,99.7,"NA","NA","NA",NA,"NA",NA,0,0,0,1,1,1,1,1
"FCR",50,2022-06-20 14:27:00,1,"21",8.4,94.2,"NA","NA","NA",NA,"NA",NA,0,0,0,1,1,1,1,1
"FCR",50,2022-06-20 14:28:00,1.5,"21",7.6,83.3,"NA","NA","NA",NA,"NA",NA,0,0,0,1,1,1,1,1
"FCR",50,2022-06-20 14:30:00,2,"20.9",7.3,80.7,"NA","NA","NA",NA,"NA",NA,0,0,0,1,1,1,1,1
"FCR",50,2022-06-20 14:31:00,2.5,"19.3",4,41.9,"NA","NA","NA",NA,"NA",NA,0,0,0,1,1,1,1,1
"FCR",50,2022-06-20 14:33:00,3,"17.1",0.7,9,"NA","NA","NA",NA,"NA",NA,0,0,0,1,1,1,1,1
"FCR",50,2022-06-20 14:34:00,3.5,"16.5",0.5,7.4,"NA","NA","NA",NA,"NA",NA,0,0,0,1,1,1,1,1
"FCR",50,2022-06-20 14:37:00,4,"14.8",0.3,4.6,"NA","NA","NA",NA,"NA",NA,0,0,0,1,1,1,1,1
"FCR",50,2022-06-20 14:38:00,4.5,"13.5",0.3,3.1,"NA","NA","NA",NA,"NA",NA,0,0,0,1,1,1,1,1
"FCR",50,2022-06-20 14:39:00,5,"11.6",0.3,2.7,"NA","NA","NA",NA,"NA",NA,0,0,0,1,1,1,1,1
"FCR",50,2022-06-20 14:42:00,6,"10.6",0.28,2.5,"NA","NA","NA",NA,"NA",NA,0,0,0,1,1,1,1,1
"FCR",50,2022-06-20 14:43:00,7,"10.1",0.45,3.9,"NA","NA","NA",NA,"NA",NA,0,0,0,1,1,1,1,1
"FCR",50,2022-06-20 14:44:00,8,"9.9",0.44,3.9,"NA","NA","NA",NA,"NA",NA,0,0,0,1,1,1,1,1
"FCR",50,2022-06-20 14:46:00,9,"9.9",0.29,2.5,"NA","NA","NA",NA,"NA",NA,0,0,0,1,1,1,1,1
"FCR",50,2022-06-27 11:00:00,0.1,"25.6",12.7,151.2,"NA","NA","NA",NA,"NA",NA,0,0,0,1,1,1,1,1
"FCR",50,2022-06-27 11:01:00,1,"25.2",12,145.7,"NA","NA","NA",NA,"NA",NA,0,0,0,1,1,1,1,1
"FCR",50,2022-06-27 11:03:00,2,"21",6.48,7.5,"NA","NA","NA",NA,"NA",NA,0,0,0,1,1,1,1,1
"FCR",50,2022-06-27 11:04:00,3,"17.6",0.75,7,"NA","NA","NA",NA,"NA",NA,0,0,0,1,1,1,1,1
"FCR",50,2022-06-27 11:06:00,4,"14",0.51,4.9,"NA","NA","NA",NA,"NA",NA,0,0,0,1,1,1,1,1
"FCR",50,2022-06-27 11:07:00,5,"12.2",0.46,4.4,"NA","NA","NA",NA,"NA",NA,0,0,0,1,1,1,1,1
"FCR",50,2022-06-27 11:08:00,6,"10.7",0.78,7,"NA","NA","NA",NA,"NA",NA,0,0,0,1,1,1,1,1
"FCR",50,2022-06-27 11:08:00,7,"10.3",0.78,7,"NA","NA","NA",NA,"NA",NA,0,0,0,1,1,1,1,1
"FCR",50,2022-06-27 11:09:00,8,"10.3",0.81,7,"NA","NA","NA",NA,"NA",NA,0,0,0,1,1,1,1,1
"FCR",50,2022-06-27 11:10:00,9,"10.2",0.77,6.8,"NA","NA","NA",NA,"NA",NA,0,0,0,1,1,1,1,1
"FCR",200,2022-06-27 12:34:00,0.1,"20.7",7.74,84,"NA","NA","NA",NA,"NA",NA,0,0,0,1,1,1,1,1
"FCR",100,2022-06-27 13:13:00,0.1,"21.5",7.3,81.2,"NA","NA","NA",NA,"NA",NA,0,0,0,1,1,1,1,1
"FCR",100,2022-07-05 10:20:00,0.1,"19.7",8.17,88.8,"NA","NA","NA",NA,"NA",NA,0,0,0,1,1,1,1,1
"FCR",50,2022-07-05 12:54:00,0.1,"27",14.48,183.8,"NA","NA","NA",NA,"NA",NA,0,0,0,1,1,1,1,1
"FCR",50,2022-07-05 12:59:00,1,"25.3",11.35,139,"NA","NA","NA",NA,"NA",NA,0,0,0,1,1,1,1,1
"FCR",50,2022-07-05 13:01:00,1.6,"23.1",3.22,37.7,"NA","NA","NA",NA,"NA",NA,0,0,0,1,1,1,1,1
"FCR",50,2022-07-05 13:04:00,2,"21.3",2.26,25.6,"NA","NA","NA",NA,"NA",NA,0,0,0,1,1,1,1,1
"FCR",50,2022-07-05 13:06:00,3,"17.7",0.55,6.7,"NA","NA","NA",NA,"NA",NA,0,0,0,1,1,1,1,1
"FCR",50,2022-07-05 13:09:00,4,"13.8",0.44,4.1,"NA","NA","NA",NA,"NA",NA,0,0,0,1,1,1,1,1
"FCR",50,2022-07-05 13:10:00,5,"11.6",0.4,3.7,"NA","NA","NA",NA,"NA",NA,0,0,0,1,1,1,1,1
"FCR",50,2022-07-05 13:11:00,6,"10.7",0.98,8.7,"NA","NA","NA",NA,"NA",NA,0,0,0,1,1,1,1,1
"FCR",50,2022-07-05 13:12:00,7,"10.5",1.02,9.3,"NA","NA","NA",NA,"NA",NA,0,0,0,1,1,1,1,1
"FCR",50,2022-07-05 13:14:00,8,"10.5",1.04,9.2,"NA","NA","NA",NA,"NA",NA,0,0,0,1,1,1,1,1
"FCR",50,2022-07-05 13:15:00,9,"10.5",0.99,8.8,"NA","NA","NA",NA,"NA",NA,0,0,0,1,1,1,1,1
"FCR",50,2022-07-25 12:28:00,0.1,"28.9",8.15,104.2,"NA","NA","NA",NA,"NA",NA,0,0,0,1,1,1,1,1
"FCR",50,2022-07-25 12:28:00,1,"28",7.74,99.1,"NA","NA","NA",NA,"NA",NA,0,0,0,1,1,1,1,1
"FCR",50,2022-07-25 12:29:00,1.6,"26.3",3.03,39,"NA","NA","NA",NA,"NA",NA,0,0,0,1,1,1,1,1
"FCR",50,2022-07-25 12:30:00,2,"23.9",2.13,25.2,"NA","NA","NA",NA,"NA",NA,0,0,0,1,1,1,1,1
"FCR",50,2022-07-25 12:31:00,3,"19.5",1.7,18.5,"NA","NA","NA",NA,"NA",NA,0,0,0,1,1,1,1,1
"FCR",50,2022-07-25 12:31:00,4,"14.7",0.45,4.6,"NA","NA","NA",NA,"NA",NA,0,0,0,1,1,1,1,1
"FCR",50,2022-07-25 12:32:00,5,"12",0.58,5.3,"NA","NA","NA",NA,"NA",NA,0,0,0,1,1,1,1,1
"FCR",50,2022-07-25 12:33:00,6,"11.5",0.6,5.5,"NA","NA","NA",NA,"NA",NA,0,0,0,1,1,1,1,1
"FCR",50,2022-07-25 12:34:00,7,"11.2",0.59,5.2,"NA","NA","NA",NA,"NA",NA,0,0,0,1,1,1,1,1
"FCR",50,2022-07-25 12:35:00,8,"11.1",0.59,5.2,"NA","NA","NA",NA,"NA",NA,0,0,0,1,1,1,1,1
"FCR",50,2022-07-25 12:36:00,9,"11",0.58,5.2,"NA","NA","NA",NA,"NA",NA,0,0,0,1,1,1,1,1
"FCR",100,2022-08-01 09:54:00,0.1,"20.6",5.09,55.6,"NA","NA","NA",NA,"NA",NA,0,0,0,1,1,1,1,1
"FCR",50,2022-08-01 10:31:00,0.1,"25.9",7.77,94.8,"NA","NA","NA",NA,"NA",NA,0,0,0,1,1,1,1,1
"FCR",50,2022-08-01 10:34:00,1,"25.9",7.88,96.5,"NA","NA","NA",NA,"NA",NA,0,0,0,1,1,1,1,1
"FCR",50,2022-08-01 10:35:00,1.6,"25.9",7.56,92.3,"NA","NA","NA",NA,"NA",NA,0,0,0,1,1,1,1,1
"FCR",50,2022-08-01 10:36:00,2,"24.5",3.06,36.4,"NA","NA","NA",NA,"NA",NA,0,0,0,1,1,1,1,1
"FCR",50,2022-08-01 10:40:00,3,"19",0.7,7.4,"NA","NA","NA",NA,"NA",NA,0,0,0,1,1,1,1,1
"FCR",50,2022-08-01 10:42:00,4,"14.5",0.41,4,"NA","NA","NA",NA,"NA",NA,0,0,0,1,1,1,1,1
"FCR",50,2022-08-01 10:44:00,5,"11.8",0.41,3.8,"NA","NA","NA",NA,"NA",NA,0,0,0,1,1,1,1,1
"FCR",50,2022-08-01 10:46:00,6,"11.3",0.41,3.7,"NA","NA","NA",NA,"NA",NA,0,0,0,1,1,1,1,1
"FCR",50,2022-08-01 10:47:00,7,"11.1",0.39,3.5,"NA","NA","NA",NA,"NA",NA,0,0,0,1,1,1,1,1
"FCR",50,2022-08-01 10:47:00,8,"11.1",0.39,3.5,"NA","NA","NA",NA,"NA",NA,0,0,0,1,1,1,1,1
"FCR",50,2022-08-01 10:48:00,9,"11.1",0.39,3.6,"NA","NA","NA",NA,"NA",NA,0,0,0,1,1,1,1,1
"FCR",50,2022-08-08 12:03:00,0.1,"28.2",8,98,"NA","NA","NA",NA,"NA",NA,0,0,0,1,1,1,1,1
"FCR",50,2022-08-08 12:04:00,1,"26.9",7.7,95.6,"NA","NA","NA",NA,"NA",NA,0,0,0,1,1,1,1,1
"FCR",50,2022-08-08 12:05:00,1.6,"26.3",7.7,94.3,"NA","NA","NA",NA,"NA",NA,0,0,0,1,1,1,1,1
"FCR",50,2022-08-08 12:06:00,2,"25.4",5.43,64.9,"NA","NA","NA",NA,"NA",NA,0,0,0,1,1,1,1,1
"FCR",50,2022-08-08 12:07:00,3,"20.6",2.55,28.1,"NA","NA","NA",NA,"NA",NA,0,0,0,1,1,1,1,1
"FCR",50,2022-08-08 12:08:00,4,"15.2",0.56,5.6,"NA","NA","NA",NA,"NA",NA,0,0,0,1,1,1,1,1
"FCR",50,2022-08-08 12:09:00,5,"12.7",0.47,4.3,"NA","NA","NA",NA,"NA",NA,0,0,0,1,1,1,1,1
"FCR",50,2022-08-08 12:10:00,6,"11.8",0.46,4.1,"NA","NA","NA",NA,"NA",NA,0,0,0,1,1,1,1,1
"FCR",50,2022-08-08 12:10:00,7,"11.5",0.42,3.8,"NA","NA","NA",NA,"NA",NA,0,0,0,1,1,1,1,1
"FCR",50,2022-08-08 12:11:00,8,"11.3",0.41,3.7,"NA","NA","NA",NA,"NA",NA,0,0,0,1,1,1,1,1
"FCR",50,2022-08-08 12:12:00,9,"11.3",0.4,3.6,"NA","NA","NA",NA,"NA",NA,0,0,0,1,1,1,1,1
"FCR",100,2022-08-18 12:40:00,0.1,"18.8",8.16,86.7,"NA","NA","NA",NA,"NA",NA,0,0,0,1,1,1,1,1
"FCR",200,2022-08-18 13:16:00,0.1,"20.3",6.9,76,"NA","NA","NA",NA,"NA",NA,0,0,0,1,1,1,1,1
"FCR",50,2022-08-22 12:45:00,0.1,"25",8.71,104,"NA","NA","NA",NA,"NA",NA,0,0,0,1,1,1,1,1
"FCR",50,2022-08-22 12:46:00,1,"24.3",8.76,103.6,"NA","NA","NA",NA,"NA",NA,0,0,0,1,1,1,1,1
"FCR",50,2022-08-22 12:47:00,2,"23.2",7.81,90.8,"NA","NA","NA",NA,"NA",NA,0,0,0,1,1,1,1,1
"FCR",50,2022-08-22 12:48:00,3,"21.2",3.23,36.3,"NA","NA","NA",NA,"NA",NA,0,0,0,1,1,1,1,1
"FCR",50,2022-08-22 12:51:00,3.3,"19.1",2.01,21.6,"NA","NA","NA",NA,"NA",NA,0,0,0,1,1,1,1,1
"FCR",50,2022-08-22 12:54:00,3.4,"18.8",1.83,19.6,"NA","NA","NA",NA,"NA",NA,0,0,0,1,1,1,1,1
"FCR",50,2022-08-22 12:55:00,4,"15.8",0.41,4.5,"NA","NA","NA",NA,"NA",NA,0,0,0,1,1,1,1,1
"FCR",50,2022-08-22 12:56:00,5,"12.4",0.45,3.8,"NA","NA","NA",NA,"NA",NA,0,0,0,1,1,1,1,1
"FCR",50,2022-08-22 12:56:00,6,"11.8",0.4,3.7,"NA","NA","NA",NA,"NA",NA,0,0,0,1,1,1,1,1
"FCR",50,2022-08-22 12:57:00,7,"11.6",0.39,3.8,"NA","NA","NA",NA,"NA",NA,0,0,0,1,1,1,1,1
"FCR",50,2022-08-22 12:58:00,8,"11.6",0.37,3.6,"NA","NA","NA",NA,"NA",NA,0,0,0,1,1,1,1,1
"FCR",50,2022-08-22 12:59:00,9,"11.5",0.38,3.4,"NA","NA","NA",NA,"NA",NA,0,0,0,1,1,1,1,1
"FCR",100,2022-08-29 10:54:00,0.1,"20.2",8.38,91.6,"NA","NA","NA",NA,"NA",NA,0,0,0,1,1,1,1,1
"FCR",50,2022-09-13 10:26:00,0.1,"22.9",9.3,108.8,"NA","NA","NA",NA,"NA",NA,0,0,0,1,1,1,1,1
"FCR",50,2022-09-13 10:27:00,1,"23.1",9.24,107.3,"NA","NA","NA",NA,"NA",NA,0,0,0,1,1,1,1,1
"FCR",50,2022-09-13 10:28:00,2,"22.9",8.11,94.1,"NA","NA","NA",NA,"NA",NA,0,0,0,1,1,1,1,1
"FCR",50,2022-09-13 10:31:00,3,"22.4",5.69,65.2,"NA","NA","NA",NA,"NA",NA,0,0,0,1,1,1,1,1
"FCR",50,2022-09-13 10:32:00,4,"18.7",0.75,7.5,"NA","NA","NA",NA,"NA",NA,0,0,0,1,1,1,1,1
"FCR",50,2022-09-13 10:33:00,3.5,"20.4",1.1,11.5,"NA","NA","NA",NA,"NA",NA,0,0,0,1,1,1,1,1
"FCR",50,2022-09-13 10:34:00,3.2,"21.5",1.96,21.2,"NA","NA","NA",NA,"NA",NA,0,0,0,1,1,1,1,1
"FCR",50,2022-09-13 10:36:00,3.1,"22.2",4.44,51.8,"NA","NA","NA",NA,"NA",NA,0,0,0,1,1,1,1,1
"FCR",50,2022-09-13 10:38:00,5,"13.9",0.51,4.7,"NA","NA","NA",NA,"NA",NA,0,0,0,1,1,1,1,1
"FCR",50,2022-09-13 10:39:00,6,"12.1",0.41,3.7,"NA","NA","NA",NA,"NA",NA,0,0,0,1,1,1,1,1
"FCR",50,2022-09-13 10:40:00,7,"11.9",0.4,3.6,"NA","NA","NA",NA,"NA",NA,0,0,0,1,1,1,1,1
"FCR",50,2022-09-13 10:41:00,8,"11.9",0.37,3.3,"NA","NA","NA",NA,"NA",NA,0,0,0,1,1,1,1,1
"FCR",50,2022-09-13 10:42:00,9,"11.8",0.36,3.3,"NA","NA","NA",NA,"NA",NA,0,0,0,1,1,1,1,1
"FCR",100,2022-09-26 13:34:00,0.1,"16.6",8.76,90.4,"NA","NA","NA",NA,"NA",NA,0,0,0,1,1,1,1,1
"FCR",200,2022-09-26 14:35:00,0.1,"18",7.3,77.5,"NA","NA","NA",NA,"NA",NA,0,0,0,1,1,1,1,1
"FCR",50,2022-10-17 10:00:00,0.1,"15.2",NA,9.6,"NA","NA","NA",NA,"NA",NA,0,2,0,1,1,1,1,1
"FCR",50,2022-10-17 10:02:00,1,"15",NA,9.7,"NA","NA","NA",NA,"NA",NA,0,2,0,1,1,1,1,1
"FCR",50,2022-10-17 10:04:00,2,"14.9",NA,9.5,"NA","NA","NA",NA,"NA",NA,0,2,0,1,1,1,1,1
"FCR",50,2022-10-17 10:06:00,3,"14.3",NA,8.1,"NA","NA","NA",NA,"NA",NA,0,2,0,1,1,1,1,1
"FCR",50,2022-10-17 10:08:00,4,"14",65.7,6.5,"NA","NA","NA",NA,"NA",NA,0,0,0,1,1,1,1,1
"FCR",50,2022-10-17 10:10:00,5,"14.6",43.6,4.5,"NA","NA","NA",NA,"NA",NA,0,0,0,1,1,1,1,1
"FCR",50,2022-10-17 10:12:00,6,"13.2",30.3,3.1,"NA","NA","NA",NA,"NA",NA,0,0,0,1,1,1,1,1
"FCR",50,2022-10-17 10:14:00,7,"12.9",19.9,2.1,"NA","NA","NA",NA,"NA",NA,0,0,0,1,1,1,1,1
"FCR",50,2022-10-17 10:16:00,8,"12.9",18.7,2,"NA","NA","NA",NA,"NA",NA,0,0,0,1,1,1,1,1
"FCR",50,2022-10-17 10:18:00,9,"12.9",18.1,1.9,"NA","NA","NA",NA,"NA",NA,0,0,0,1,1,1,1,1
"FCR",50,2022-10-17 10:20:00,7.9,"12.9",18.7,2,"NA","NA","NA",NA,"NA",NA,0,0,0,1,1,1,1,1
"FCR",50,2022-10-17 10:22:00,7.8,"12.9",18.7,2,"NA","NA","NA",NA,"NA",NA,0,0,0,1,1,1,1,1
"FCR",50,2022-10-17 10:24:00,7.7,"12.9",18.7,2,"NA","NA","NA",NA,"NA",NA,0,0,0,1,1,1,1,1
"FCR",50,2022-10-17 10:26:00,7.6,"12.9",18.7,2,"NA","NA","NA",NA,"NA",NA,0,0,0,1,1,1,1,1
"FCR",50,2022-10-17 10:28:00,7.5,"12.9",18.7,2,"NA","NA","NA",NA,"NA",NA,0,0,0,1,1,1,1,1
"FCR",50,2022-10-17 10:30:00,7.4,"12.9",18.8,2,"NA","NA","NA",NA,"NA",NA,0,0,0,1,1,1,1,1
"FCR",50,2022-10-17 10:32:00,7.3,"12.9",19,2,"NA","NA","NA",NA,"NA",NA,0,0,0,1,1,1,1,1
"FCR",100,2022-10-17 13:08:00,0.1,"13.9",NA,9.1,"NA","NA","NA",NA,"NA",NA,0,2,0,1,1,1,1,1
"FCR",200,2022-10-17 13:19:00,0.1,"14.8",NA,7.9,"NA","NA","NA",NA,"NA",NA,0,2,0,1,1,1,1,1
"FCR",100,2022-11-08 14:36:00,0.1,"13.7",9.34,88.1,"NA","NA","NA",NA,"NA",NA,0,0,0,1,1,1,1,1
"FCR",100,2022-11-16 15:30:00,0.1,"8.1",11.58,98.5,"NA","NA","NA",NA,"NA",NA,0,0,0,1,1,1,1,1
"FCR",200,2022-11-22 13:32:00,0.1,"8.2",NA,NA,"NA",NA,"NA",NA,"NA",NA,0,1,1,1,NA,1,1,1
"FCR",100,2022-11-22 13:32:00,0.1,"7.8",10.05,NA,"NA","25","NA",NA,"NA",NA,0,0,1,1,0,1,1,1
"FCR",100,2022-11-28 13:45:00,0.1,"9",11.65,101.2,"NA","NA","NA",NA,"NA",NA,0,0,0,1,1,1,1,1
"FCR",200,2022-11-28 13:58:00,0.1,"10.2",10.9,97.4,"NA","NA","NA",NA,"NA",NA,0,0,0,1,1,1,1,1
"FCR",100,2022-12-12 10:41:00,0.1,"5.8",11.58,92.5,"NA","NA","NA",NA,"NA",NA,0,0,0,1,1,1,1,1
"FCR",200,2022-12-12 11:04:00,0.1,"5.7",11.92,93.7,"NA","NA","NA",NA,"NA",NA,0,0,0,1,1,1,1,1
